ID,Name,Position,Salary
1,Mike Brown 4,Product Manager 73,1234444
2,Mike Brown 50,Product Manager 2,1234444
3,Mike Brown 20,Product Manager 58,1234444
4,Mike Brown 68,Product Manager 82,1234444
5,Mike Brown 91,Product Manager 91,1234444
6,Mike Brown 3,Product Manager 75,1234444
7,Mike Brown 20,Product Manager 1,1234444
8,Mike Brown 48,Product Manager 33,1234444
9,Mike Brown 17,Product Manager 85,1234444
10,Mike Brown 19,Product Manager 35,1234444
11,Mike Brown 78,Product Manager 97,1234444
12,Mike Brown 39,Product Manager 48,1234444
13,Mike Brown 27,Product Manager 9,1234444
14,Mike Brown 10,Product Manager 32,1234444
15,Mike Brown 27,Product Manager 86,1234444
16,Mike Brown 44,Product Manager 11,1234444
17,Mike Brown 17,Product Manager 38,1234444
18,Mike Brown 9,Product Manager 37,1234444
19,Mike Brown 13,Product Manager 88,1234444
20,Mike Brown 96,Product Manager 24,1234444
21,Mike Brown 37,Product Manager 74,1234444
22,Mike Brown 82,Product Manager 56,1234444
23,Mike Brown 95,Product Manager 68,1234444
24,Mike Brown 91,Product Manager 9,1234444
25,Mike Brown 18,Product Manager 20,1234444
26,Mike Brown 78,Product Manager 68,1234444
27,Mike Brown 43,Product Manager 94,1234444
28,Mike Brown 94,Product Manager 11,1234444
29,Mike Brown 5,Product Manager 17,1234444
30,Mike Brown 92,Product Manager 26,1234444
31,Mike Brown 84,Product Manager 71,1234444
32,Mike Brown 75,Product Manager 52,1234444
33,Mike Brown 87,Product Manager 88,1234444
34,Mike Brown 48,Product Manager 55,1234444
35,Mike Brown 84,Product Manager 21,1234444
36,Mike Brown 88,Product Manager 67,1234444
37,Mike Brown 18,Product Manager 52,1234444
38,Mike Brown 9,Product Manager 79,1234444
39,Mike Brown 53,Product Manager 37,1234444
40,Mike Brown 41,Product Manager 20,1234444
41,Mike Brown 22,Product Manager 82,1234444
42,Mike Brown 0,Product Manager 89,1234444
43,Mike Brown 48,Product Manager 81,1234444
44,Mike Brown 11,Product Manager 33,1234444
45,Mike Brown 95,Product Manager 64,1234444
46,Mike Brown 29,Product Manager 79,1234444
47,Mike Brown 18,Product Manager 92,1234444
48,Mike Brown 30,Product Manager 88,1234444
49,Mike Brown 80,Product Manager 82,1234444
50,Mike Brown 20,Product Manager 38,1234444
51,Mike Brown 95,Product Manager 68,1234444
52,Mike Brown 64,Product Manager 43,1234444
53,Mike Brown 36,Product Manager 16,1234444
54,Mike Brown 87,Product Manager 46,1234444
55,Mike Brown 3,Product Manager 51,1234444
56,Mike Brown 39,Product Manager 26,1234444
57,Mike Brown 54,Product Manager 21,1234444
58,Mike Brown 55,Product Manager 24,1234444
59,Mike Brown 40,Product Manager 82,1234444
60,Mike Brown 10,Product Manager 55,1234444
61,Mike Brown 7,Product Manager 88,1234444
62,Mike Brown 61,Product Manager 60,1234444
63,Mike Brown 7,Product Manager 82,1234444
64,Mike Brown 91,Product Manager 85,1234444
65,Mike Brown 11,Product Manager 20,1234444
66,Mike Brown 59,Product Manager 38,1234444
67,Mike Brown 34,Product Manager 89,1234444
68,Mike Brown 82,Product Manager 62,1234444
69,Mike Brown 3,Product Manager 82,1234444
70,Mike Brown 72,Product Manager 26,1234444
71,Mike Brown 82,Product Manager 5,1234444
72,Mike Brown 11,Product Manager 16,1234444
73,Mike Brown 83,Product Manager 47,1234444
74,Mike Brown 77,Product Manager 4,1234444
75,Mike Brown 15,Product Manager 88,1234444
76,Mike Brown 26,Product Manager 79,1234444
77,Mike Brown 13,Product Manager 11,1234444
78,Mike Brown 60,Product Manager 59,1234444
79,Mike Brown 24,Product Manager 69,1234444
80,Mike Brown 88,Product Manager 5,1234444
81,Mike Brown 11,Product Manager 78,1234444
82,Mike Brown 75,Product Manager 2,1234444
83,Mike Brown 22,Product Manager 46,1234444
84,Mike Brown 39,Product Manager 38,1234444
85,Mike Brown 75,Product Manager 37,1234444
86,Mike Brown 23,Product Manager 21,1234444
87,Mike Brown 88,Product Manager 51,1234444
88,Mike Brown 67,Product Manager 91,1234444
89,Mike Brown 3,Product Manager 33,1234444
90,Mike Brown 59,Product Manager 85,1234444
91,Mike Brown 65,Product Manager 79,1234444
92,Mike Brown 45,Product Manager 14,1234444
93,Mike Brown 8,Product Manager 40,1234444
94,Mike Brown 89,Product Manager 30,1234444
95,Mike Brown 59,Product Manager 90,1234444
96,Mike Brown 94,Product Manager 76,1234444
97,Mike Brown 3,Product Manager 46,1234444
98,Mike Brown 52,Product Manager 70,1234444
99,Mike Brown 47,Product Manager 32,1234444
100,Mike Brown 10,Product Manager 81,1234444
