Id,Name,Position,Salary
1,Mike Brown 4,Product Manager 73,62469
2,Mike Brown 50,Product Manager 2,96728
3,Mike Brown 20,Product Manager 58,237328
4,Mike Brown 68,Product Manager 82,115596
5,Mike Brown 91,Product Manager 91,181900
6,Mike Brown 3,Product Manager 75,149518
7,Mike Brown 20,Product Manager 1,205372
8,Mike Brown 48,Product Manager 33,67258
9,Mike Brown 17,Product Manager 85,201876
10,Mike Brown 19,Product Manager 35,145348
11,Mike Brown 78,Product Manager 97,193030
12,Mike Brown 39,Product Manager 48,229453
13,Mike Brown 27,Product Manager 9,161998
14,Mike Brown 10,Product Manager 32,230931
15,Mike Brown 27,Product Manager 86,248132
16,Mike Brown 44,Product Manager 11,146895
17,Mike Brown 17,Product Manager 38,201987
18,Mike Brown 9,Product Manager 37,206699
19,Mike Brown 13,Product Manager 88,127854
20,Mike Brown 96,Product Manager 24,63573
21,Mike Brown 37,Product Manager 74,247079
22,Mike Brown 82,Product Manager 56,212838
23,Mike Brown 95,Product Manager 68,53117
24,Mike Brown 91,Product Manager 9,248480
25,Mike Brown 18,Product Manager 20,53140
26,Mike Brown 78,Product Manager 68,123315
27,Mike Brown 43,Product Manager 94,117109
28,Mike Brown 94,Product Manager 11,201880
29,Mike Brown 5,Product Manager 17,234076
30,Mike Brown 92,Product Manager 26,188388
31,Mike Brown 84,Product Manager 71,245323
32,Mike Brown 75,Product Manager 52,170605
33,Mike Brown 87,Product Manager 88,55678
34,Mike Brown 48,Product Manager 55,67421
35,Mike Brown 84,Product Manager 21,78122
36,Mike Brown 88,Product Manager 67,243795
37,Mike Brown 18,Product Manager 52,61889
38,Mike Brown 9,Product Manager 79,219618
39,Mike Brown 53,Product Manager 37,243352
40,Mike Brown 41,Product Manager 20,79328
41,Mike Brown 22,Product Manager 82,205798
42,Mike Brown 0,Product Manager 89,70020
43,Mike Brown 48,Product Manager 81,157438
44,Mike Brown 11,Product Manager 33,75403
45,Mike Brown 95,Product Manager 64,118335
46,Mike Brown 29,Product Manager 79,53935
47,Mike Brown 18,Product Manager 92,208974
48,Mike Brown 30,Product Manager 88,104460
49,Mike Brown 80,Product Manager 82,210469
50,Mike Brown 20,Product Manager 38,244379
51,Mike Brown 95,Product Manager 68,63109
52,Mike Brown 64,Product Manager 43,98451
53,Mike Brown 36,Product Manager 16,151823
54,Mike Brown 87,Product Manager 46,229973
55,Mike Brown 3,Product Manager 51,233048
56,Mike Brown 39,Product Manager 26,113455
57,Mike Brown 54,Product Manager 21,219270
58,Mike Brown 55,Product Manager 24,193329
59,Mike Brown 40,Product Manager 82,204532
60,Mike Brown 10,Product Manager 55,248262
61,Mike Brown 7,Product Manager 88,56060
62,Mike Brown 61,Product Manager 60,59543
63,Mike Brown 7,Product Manager 82,126502
64,Mike Brown 91,Product Manager 85,236723
65,Mike Brown 11,Product Manager 20,129221
66,Mike Brown 59,Product Manager 38,53487
67,Mike Brown 34,Product Manager 89,159522
68,Mike Brown 82,Product Manager 62,237895
69,Mike Brown 3,Product Manager 82,163494
70,Mike Brown 72,Product Manager 26,189938
71,Mike Brown 82,Product Manager 5,83559
72,Mike Brown 11,Product Manager 16,249511
73,Mike Brown 83,Product Manager 47,79505
74,Mike Brown 77,Product Manager 4,124630
75,Mike Brown 15,Product Manager 88,224775
76,Mike Brown 26,Product Manager 79,208967
77,Mike Brown 13,Product Manager 11,82554
78,Mike Brown 60,Product Manager 59,97566
79,Mike Brown 24,Product Manager 69,162509
80,Mike Brown 88,Product Manager 5,93513
81,Mike Brown 11,Product Manager 78,207051
82,Mike Brown 75,Product Manager 2,87236
83,Mike Brown 22,Product Manager 46,185153
84,Mike Brown 39,Product Manager 38,128766
85,Mike Brown 75,Product Manager 37,246332
86,Mike Brown 23,Product Manager 21,103949
87,Mike Brown 88,Product Manager 51,193869
88,Mike Brown 67,Product Manager 91,102527
89,Mike Brown 3,Product Manager 33,75014
90,Mike Brown 59,Product Manager 85,175983
91,Mike Brown 65,Product Manager 79,108938
92,Mike Brown 45,Product Manager 14,111599
93,Mike Brown 8,Product Manager 40,164542
94,Mike Brown 89,Product Manager 30,159273
95,Mike Brown 59,Product Manager 90,238493
96,Mike Brown 94,Product Manager 76,223767
97,Mike Brown 3,Product Manager 46,239366
98,Mike Brown 52,Product Manager 70,234216
99,Mike Brown 47,Product Manager 32,95811
100,Mike Brown 10,Product Manager 81,89127
